customer_id,first_name,last_name,email,country
1,Natalie,Perry,andrewchen@hotmail.com,Equatorial Guinea
2,Kelly,Harris,bonnierodriguez@hotmail.com,Saint Vincent and the Grenadines
3,Jennifer,Duncan,hollowaymichael@yahoo.com,Panama
4,Craig,Stafford,steven26@yahoo.com,Lao People's Democratic Republic
5,Shirley,Keller,charleswashington@torres-gregory.com,Suriname
6,Haley,Romero,beltranvictoria@matthews.org,Nicaragua
7,Lisa,Davis,rgrant@gmail.com,Belgium
8,Rachel,Murphy,epratt@hunter-walker.com,Antigua and Barbuda
9,Sean,Holloway,johnsonjillian@hotmail.com,American Samoa
10,Hunter,Simpson,jennifer73@le-holland.biz,Myanmar
11,Nicole,Bradford,udalton@yahoo.com,Seychelles
12,Sabrina,Anthony,wphillips@cox-gordon.com,Botswana
13,Elizabeth,Moore,williamsgina@gmail.com,Argentina
14,Kristen,Perry,tbrooks@hotmail.com,Madagascar
15,Julie,Boyd,karen43@yahoo.com,Heard Island and McDonald Islands
16,Joseph,Taylor,wrightleslie@reilly.com,Libyan Arab Jamahiriya
17,Omar,Vazquez,baileycrawford@gmail.com,Slovenia
18,Jason,Hernandez,howedenise@morse.com,Germany
19,Lisa,Moore,phernandez@hotmail.com,Tanzania
20,Michael,Nelson,wesleymartin@gmail.com,United States Minor Outlying Islands
21,Kiara,Taylor,ywalsh@yahoo.com,Russian Federation
22,James,Tyler,smithbrent@yahoo.com,Burkina Faso
23,Samantha,Oneal,moraleskatherine@salas.com,Guam
24,James,Patton,greeneseth@yahoo.com,Turkmenistan
25,Holly,Sanchez,odavis@terry-graham.org,Sudan
26,Kelly,West,jessica58@pearson.com,Oman
27,Debbie,Mullins,bnorton@cross-anderson.com,United States Minor Outlying Islands
28,Sarah,Jones,holson@gmail.com,New Caledonia
29,Pamela,Hicks,garymarquez@hotmail.com,Switzerland
30,Judy,Stewart,durhamkathryn@long-daugherty.org,Mauritius
31,Thomas,Garcia,orogers@gmail.com,Barbados
32,Regina,Miranda,bensonvanessa@hotmail.com,India
33,Roger,Mckinney,derek89@miller.com,Botswana
34,Travis,Martin,herreraoscar@yahoo.com,Lao People's Democratic Republic
35,Amy,West,rachel43@gmail.com,Costa Rica
36,Kevin,Flores,daisy44@green-howe.net,Guam
37,Jennifer,Smith,beth64@gmail.com,Somalia
38,Sabrina,Cole,michael89@dawson.net,Romania
39,Paul,Baker,hendersonzachary@mckenzie.net,Comoros
40,Jeff,Sanders,wilcoxnorman@yahoo.com,Saint Vincent and the Grenadines
41,Benjamin,Thompson,josephcooke@williams.net,Guernsey
42,Emily,Simpson,donaldwilliams@gmail.com,Tajikistan
43,Carol,Aguirre,sandra44@mcconnell.com,Switzerland
44,Eric,Hamilton,larsenjohn@hodges.com,Lao People's Democratic Republic
45,Lisa,Huber,echapman@little.com,Japan
46,Christopher,Watson,derekparker@mcdaniel.com,Belarus
47,Patricia,Graves,liubarbara@gmail.com,Spain
48,Kelly,Hayes,montgomeryerik@lewis-stone.com,Montenegro
49,Eugene,Peters,haleyfoster@lopez.com,Montserrat
50,Rebekah,Foley,erica89@diaz.com,Brunei Darussalam
51,Ryan,Sanders,joan05@hotmail.com,Romania
52,Sharon,Grant,dickersonsamantha@hotmail.com,Netherlands Antilles
53,Clinton,Cruz,richard40@gmail.com,Nauru
54,Crystal,Cobb,xmclaughlin@vasquez.com,Jordan
55,Dakota,Hensley,erogers@hotmail.com,Germany
56,Sabrina,Martinez,kevinroberson@todd-short.biz,Guatemala
57,Helen,Norris,farleyaaron@yahoo.com,Dominica
58,Nicholas,Walton,michael60@warren.com,Korea
59,Malik,Harding,wwatson@hotmail.com,Isle of Man
60,John,Hughes,dianamccall@wood.com,Tanzania
61,Michele,Houston,arthur68@yahoo.com,Ghana
62,Craig,Harris,ujones@hotmail.com,Lao People's Democratic Republic
63,Monica,Hill,grice@hotmail.com,Denmark
64,Daniel,Coleman,davidprice@paul-singh.com,Bulgaria
65,Tara,Walls,anthonymccoy@welch.info,Guernsey
66,Deborah,Scott,robert70@gmail.com,Sao Tome and Principe
67,Crystal,Price,vanessa28@hotmail.com,Martinique
68,Janet,Scott,emay@yahoo.com,Italy
69,Jennifer,Young,aaron04@hurley.org,Ecuador
70,Dorothy,Lee,mckenziejeffrey@gmail.com,Estonia
71,Aaron,Garcia,twhite@ward.com,Turkey
72,Laura,Yang,ronaldjones@yahoo.com,Svalbard & Jan Mayen Islands
73,Amber,Skinner,cwashington@hotmail.com,Central African Republic
74,Daniel,Carter,sherry67@barton.org,Guadeloupe
75,Darryl,Hill,xprince@waller-medina.org,Bolivia
76,Derrick,Ray,urush@sosa-burch.net,Lesotho
77,Christian,Collins,john73@gmail.com,Equatorial Guinea
78,Theresa,Diaz,willie67@palmer.com,Sweden
79,Keith,Gonzalez,wrightzachary@gmail.com,Antarctica (the territory South of 60 deg S)
80,Andre,Garcia,samanthajones@poole.com,Samoa
81,Jasmine,Kent,williamparks@hotmail.com,Spain
82,Ashley,Hall,idavis@owen.org,Tunisia
83,Hayley,Mcgrath,zbradford@yahoo.com,South Africa
84,Amy,Perez,josephreynolds@yahoo.com,Saint Helena
85,Amanda,Beck,travismoore@santana.com,Comoros
86,Joseph,Romero,heather46@smith.com,Pitcairn Islands
87,Nicholas,Rogers,brenda95@smith.info,Niue
88,Cynthia,Bradford,flowersdaniel@murray-gomez.com,Gabon
89,Nicole,Brown,haydengabrielle@gmail.com,New Zealand
90,Zachary,Adams,donald62@hall.com,Christmas Island
91,Bradley,Jenkins,frank74@weber.com,Japan
92,Ryan,Baker,gmays@flores-cooper.com,Saint Vincent and the Grenadines
93,Linda,Kennedy,millerashley@hotmail.com,Gabon
94,Tommy,Hines,travisfrazier@jenkins.com,Hungary
95,Sarah,Griffin,stephen02@hotmail.com,Cambodia
96,Samuel,Gonzalez,robertfreeman@yahoo.com,El Salvador
97,Paula,Mitchell,rachaelpotts@jimenez-obrien.biz,South Georgia and the South Sandwich Islands
98,Carla,Russell,tburns@howard.com,Norway
99,Melissa,Williams,patrickrichards@alexander-leonard.biz,Guyana
100,Brian,Harris,renee28@yahoo.com,Wallis and Futuna
